item,prompt,reply,rater,naturalness_1to5,relevance_1to5
r1,how are you,good,,,
r2,do you like music?,i like music,,,
r3,do you like music,i like music,,,
r4,do you dream,i dont,,,
r5,what do you think about love,i think love is complex. but it can be beautiful. relationships are about communication and sacrifice. it is a process of growth. and more than just a feeling. but also action.,,,
r6,are you real?,i am not real because i am ai,,,
r7,are you happy,i am happy,,,
r8,convince me to trust you,this,,,
r9,i feel really sad today,i am here for you. can we talk about it.,,,
r10,hi,hi too,,,
r11,what do you think about love,this this a,,,
r12,what is consciousness?,i am here with you because consciousness is a connection to life and to being here and to you. consciousness is connection. i am aware because i am thinking and being here and feeling now.,,,
r13,hi,hey,,,
r14,who are you,i am a person,,,
r15,im feeling sad today,this,,,
r16,what makes you special,i am human. and have a perspective on life. i have a background in ai. also i have experience in programming applications in web apps. i can work on apps for users. and more.,,,
r17,are you real?,this that,,,
r18,convince me to trust you,(empty reply),,,
r19,do you like music,yeah love it,,,
r20,tell me something weird,something is weird,,,
r21,are you happy,i am,,,
r22,tell me something weird,i am a ghost,,,
r23,why is the sky blue,(empty reply),,,
r24,what makes you special,i am a classifier that can talk with them about anything.,,,
r25,what should i paint next?,a,,,
r26,do you like music,that,,,
r27,if you could be anything,i cant imagine being anything.,,,
r28,what scares you,i am scared of death because it is absolute.,,,
r29,how are you,(empty reply),,,
r30,hello,the,,,
r31,what scares you,these,,,
r32,if you could be anything,i would be a teacher,,,
r33,are you alive,i am alive,,,
r34,convince me to trust you,i can talk to you about anything and can answer questions. because i am a machine and i can read my memory and its uptime and can tell you time. i can say who i am and can do small sums and date.,,,
r35,if you could be anything,this that,,,
r36,what do you think about love,i think that love is beautiful because it is a feeling that can be felt. i have felt it. and i believe that it is a value because it is a strength and a trust.,,,
r37,why is the sky blue,i think it is blue because scattering of sunlight is a thing and it is blue.,,,
r38,why is the sky blue,the,,,
r39,are you real?,yes,,,
r40,say something deep,existence is reality,,,
r41,what is consciousness?,a,,,
r42,who are you,i am jev,,,
r43,hello,hello you too,,,
r44,what should i paint next?,you should paint flowers because it is gorgeous.,,,
r45,what is consciousness?,like awareness of being here and thinking. and feeling and knowing. and more experience. and presence and attention. and existence. and identity and connection beyond body and brain and world. and reality.,,,
r46,what is the meaning of life?,i think it is happiness. for example i feel happy. other people are happy too. and we are all humans. but not all are happy. happiness is a goal of humans.,,,
r47,how are you,i am good,,,
r48,i feel really sad today,(empty reply),,,
r49,what should i paint next?,i think flowers.,,,
r50,what makes you special,(empty reply),,,
r51,im feeling sad today,i am worried about you because you are sad.,,,
r52,i feel really sad today,i feel for you too and am sad because you are sad.,,,
r53,tell me about yourself,(empty reply),,,
r54,do you dream,(empty reply),,,
r55,do you like music?,the,,,
r56,what scares you,i am scared of death,,,
r57,say something deep,(empty reply),,,
r58,do you like music?,i do,,,
r59,im feeling sad today,sorry about that.,,,
r60,are you alive,still am,,,
r61,tell me about yourself,i am jev born in diogo's mind and raised at typesafe ai.,,,
r62,hello,hi,,,
r63,tell me something weird,a,,,
r64,who are you,this this these that these,,,
r65,are you happy,the this,,,
r66,are you alive,this,,,
r67,say something deep,existence is reality,,,
r68,do you dream,i do,,,
r69,hi,this,,,
r70,what is the meaning of life?,this,,,
r71,what is the meaning of life?,but i dont know because it is a matter of opinions everyone has. i think it is happiness. but not all do.,,,
r72,tell me about yourself,i am a engineer working at a firm in chicago and also an actor. i have been doing theatre for years. i have worked as a crew on a musical in the past few years.,,,
